sequence;test;experiment;FOV;Detector;classes;dist max;ape_t_mean;ape_t_median;ape_t_std;ape_t_max;rpe_t_mean;rpe_t_median;rpe_t_std;rpe_t_max;ape_r_mean;ape_r_median;ape_r_std;ape_r_max;rpe_r_mean;rpe_r_median;rpe_r_std;rpe_r_max
0;0;1;NO;NO;NO;NO;11,07858859;10,25941565;5,103415499;24,48521369;0,025276165;0,020421042;0,021712925;0,28099741;0,049275776;0,047001289;0,012774033;0,130019756;0,001377642;0,000935615;0,001862538;0,038780375
0;0;2;YES;NO;NO;NO;14,50883348;12,70413475;9,154026892;46,85446802;0,024433728;0,020448495;0,020201058;0,299897453;0,032302643;0,024286376;0,024601609;0,125953111;0,001415491;0,00103814;0,001789323;0,039356717
0;1;1;YES;3D-MOOD;KITTI;NO;13,64574008;10,23885497;9,810478014;48,87564754;0,024449179;0,020473166;0,020294515;0,292080111;0,040226521;0,03070501;0,025882695;0,129951331;0,001415461;0,001043213;0,001781571;0,039138457
0;1;2;YES;PV-RCNN;KITTI;20;14,72221223;12,97766632;9,778717372;48,21137718;0,024603021;0,020631435;0,020408178;0,316322717;0,032380139;0,023699305;0,025468338;0,125512088;0,001413406;0,001046305;0,001770699;0,038911486
0;1;1;YES;SEM KITTI;SK_KITTI;NO;14,80006664;12,32673926;11,16818992;54,01248812;0,024683371;0,020707665;0,020234905;0,304877259;0,040284022;0,033349679;0,029017345;0,124258363;0,001387179;0,001030643;0,001775024;0,038265069
0;1;2;YES;3D-MOOD;KITTI;20;15,50302289;14,27851644;9,47176418;48,17511327;0,024573802;0,020604796;0,020282998;0,298988923;0,03154473;0,022251216;0,024312521;0,131812158;0,001429503;0,001050674;0,001782286;0,038579078
0;1;2;YES;SEM KITTI;SK_KITTI;20;15,53316142;14,07803182;10,36779413;50,17942691;0,024671637;0,020725853;0,020435131;0,311630824;0,035628015;0,027190665;0,025797396;0,127577602;0,001416844;0,001046198;0,001780511;0,038808691
0;1;1;YES;PV-RCNN;KITTI;NO;15,54531278;13,20809972;11,33378325;55,00881064;0,024491704;0,020446709;0,020309661;0,305633415;0,041982242;0,03214944;0,030052144;0,12474001;0,001407624;0,001050623;0,001777284;0,039098118
0;2;2;NO;PV-RCNN;KITTI;20;10,62766978;10,40756591;4,288061976;22,29297027;0,025420326;0,020475678;0,021836272;0,278481363;0,046319077;0,04442562;0,011323432;0,123811745;0,001381303;0,000943323;0,00186418;0,038397314
0;2;1;NO;SEM KITTI;SK_KITTI;NO;11,32685622;10,94082237;4,831596421;24,91415609;0,025223452;0,020282143;0,021829577;0,290073374;0,048210473;0,046586306;0,01236273;0,12693315;0,001367675;0,00093495;0,001859395;0,038345349
0;2;2;NO;SEM KITTI;SK_KITTI;20;11,61380815;11,09325016;5,224812836;25,72761792;0,025405714;0,020296402;0,021772285;0,291841722;0,050416132;0,048466058;0,012412839;0,128108204;0,00136233;0,000921835;0,001855753;0,038327771
0;2;1;NO;PV-RCNN;KITTI;NO;11,9051924;11,37272023;5,424818077;26,70103214;0,025276147;0,020261514;0,02173994;0,277634795;0,050556177;0,048902627;0,012742544;0,130558888;0,001366931;0,000936761;0,001852818;0,03824381
0;3;2;YES;3D-MOOD;MOOD_COMPLETE;20;13,92473297;12,13648979;9,006217714;45,93131413;0,024816095;0,020931947;0,020335035;0,295955234;0,033816838;0,026014283;0,0245311;0,12545655;0,001433165;0,001064077;0,001792734;0,038548978
0;3;1;YES;3D-MOOD;MOOD_COMPLETE;NO;15,34416231;13,62666437;10,07622316;50,49694475;0,024388689;0,020397778;0,02024941;0,289198108;0,033223953;0,025870178;0,023911535;0,130744044;0,001427908;0,00107548;0,001781649;0,037298051
0;3;1;YES;SEM KITTI;SK_COMPLETE;NO;16,17994506;17,27837617;8,375188043;38,62499234;0,024823452;0,019792321;0,023334853;0,304347072;0,023153314;0,020816947;0,011779667;0,142130881;0,00134012;0,000948565;0,001807043;0,03842841
0;3;2;YES;SEM KITTI;SK_COMPLETE;20;19,83159953;16,52670024;17,94764372;78,46260381;0,036877533;0,020299548;0,219568038;4,47736918;0,04748795;0,022261421;0,067489807;0,238471472;0,001461068;0,001056647;0,002039452;0,038534299
0;4;1;NO;SEM KITTI;SK_MOVING;NO;11,10965977;10,35835973;5,087873447;25,18367996;0,025237517;0,020488841;0,021724099;0,28256954;0,05084483;0,048903503;0,012526356;0,129280258;0,001374812;0,000937463;0,001862008;0,038898835
0;4;2;NO;SEM KITTI;SK_MOVING;20;11,13356506;10,46008469;4,922543244;23,86814057;0,025314711;0,020399464;0,021834997;0,287029815;0,047239325;0,044778089;0,012354941;0,127059019;0,001375206;0,0009386;0,001856799;0,039236017
0;5;2;YES;SEM KITTI;SK_MOVING;20;15,39927764;12,82319829;11,43269995;56,40405832;0,024341522;0,020342584;0,020253495;0,30577708;0,038406184;0,028633581;0,028437311;0,128691834;0,001424569;0,001054923;0,001790605;0,038530367
0;5;1;YES;SEM KITTI;SK_MOVING;NO;15,64253466;13,69289944;10,77366564;53,52520013;0,024560346;0,020662714;0,02039315;0,299744804;0,035978524;0,025101402;0,026163315;0,133097812;0,00140324;0,001040807;0,001766809;0,038842431
1;0;2;YES;NO;NO;NO;28,26408839;23,23207299;22,13143696;63,20814998;0,051755537;0,042195069;0,060484122;1,535449476;0,044103259;0,04050592;0,020335191;0,081548588;0,000831911;0,000757129;0,000442091;0,003485133
1;0;1;NO;NO;NO;NO;96,38011572;76,56676138;81,99110241;224,4447157;0,042419245;0,0404319;0,016618114;0,142948286;0,120809074;0,12069258;0,070232717;0,226110637;0,000751982;0,00068971;0,000444203;0,004265606
1;1;1;YES;PV-RCNN;KITTI;NO;26,60371594;21,56554637;20,93487366;59,98161776;0,046000113;0,042053841;0,018982915;0,189173645;0,043380164;0,038981516;0,01940381;0,079815457;0,000819896;0,00075764;0,000400868;0,002947647
1;1;1;YES;SEM KITTI;SK_KITTI;NO;27,11325837;21,69051138;21,55289344;61,59125539;0,05205466;0,042400983;0,057147833;0,887944109;0,044081661;0,039603882;0,019799603;0,080819978;0,000830907;0,000772959;0,00041804;0,002801249
1;1;2;YES;3D-MOOD;KITTI;20;28,1584104;23,10034692;22,03068838;63,01050094;0,054410243;0,042706906;0,077557151;1,535076484;0,042985042;0,038586786;0,019569721;0,079365362;0,00084581;0,000769119;0,000424719;0,003064513
1;1;1;YES;3D-MOOD;KITTI;NO;29,32148389;24,32018894;22,75912248;65,12620097;0,04976915;0,043680611;0,036280225;0,528439864;0,044074652;0,039387034;0,019489714;0,079819734;0,000835352;0,000776501;0,000422068;0,003113391
1;1;2;YES;SEM KITTI;SK_KITTI;20;29,33123076;23,13121317;23,61091408;67,05655378;0,081651615;0,043017277;0,263975274;3,2370726;0,040524225;0,038301944;0,016777728;0,071528412;0,000830695;0,000775403;0,000406037;0,003483481
1;1;2;YES;PV-RCNN;KITTI;20;30,03277812;24,04556426;24,06634276;68,24402252;0,058566085;0,043074361;0,135316567;2,233681899;0,044656582;0,040542237;0,020993015;0,083831209;0,000833899;0,000763139;0,000419168;0,002801636
1;2;2;NO;SEM KITTI;SK_KITTI;20;96,06460407;76,26045243;81,74670445;223,793846;0,041741136;0,039474671;0,016768723;0,142948286;0,120506957;0,12020637;0,070116579;0,22567281;0,000758848;0,000690639;0,000441528;0,004255529
1;2;2;NO;PV-RCNN;KITTI;20;96,33980802;76,50348227;81,95902228;224,3737124;0,042566728;0,040334287;0,017096899;0,142948286;0,120733923;0,120470994;0,070168435;0,225775449;0,000764772;0,000685431;0,00044664;0,00420141
1;2;1;NO;PV-RCNN;KITTI;NO;96,52314943;76,69882264;82,09682066;224,7306528;0,042235802;0,040138013;0,017446871;0,142205412;0,120816102;0,120779081;0,070349779;0,226301461;0,000761215;0,000693106;0,000442995;0,004299918
1;2;1;NO;SEM KITTI;SK_KITTI;NO;96,6450697;76,67468702;82,28826649;225,1971329;0,042663572;0,040045709;0,017080699;0,134041151;0,121268193;0,121133093;0,070406547;0,226762218;0,000758593;0,000686692;0,000451916;0,00449263
1;3;2;YES;3D-MOOD;MOOD_COMPLETE;20;27,75618418;22,67010899;21,75912473;62,32787007;0,05047691;0,043227323;0,046064086;0,785574073;0,044432736;0,040856447;0,019780794;0,081306656;0,000833873;0,000756912;0,000434835;0,003254773
1;3;1;YES;3D-MOOD;MOOD_COMPLETE;NO;28,31334199;23,14625939;22,15474041;63,51419289;0,05099132;0,042931565;0,04786864;0,829605857;0,045090672;0,040206917;0,020889052;0,082765788;0,000851834;0,000790261;0,000427008;0,002958359
1;3;2;YES;SEM KITTI;SK_COMPLETE;20;28,47658165;22,95728022;22,75814166;64,40074947;0,063331526;0,042961858;0,163475518;2,595798028;0,043147402;0,041150935;0,018935871;0,078271623;0,000860334;0,000771718;0,000448073;0,003168747
1;3;1;YES;SEM KITTI;SK_COMPLETE;NO;44,74761674;40,48778599;33,52051205;95,06655792;0,075974731;0,045435675;0,21971556;2,64403828;0,050958065;0,049135236;0,020948019;0,085886166;0,000860502;0,00077217;0,000479304;0,004190083
1;4;2;NO;SEM KITTI;SK_MOVING;20;96,12746145;76,27669929;81,82011443;223,9998263;0,041765904;0,039405776;0,017088942;0,142948286;0,120678078;0,120220787;0,070289991;0,226239245;0,000762301;0,00069593;0,000441783;0,004255529
1;4;1;NO;SEM KITTI;SK_MOVING;NO;96,60048795;76,69433583;82,2308422;225,0470187;0,042089071;0,039802333;0,016662492;0,134041151;0,121222075;0,121075208;0,070371366;0,226735719;0,000757147;0,000694033;0,000449408;0,00449263
1;5;2;YES;SEM KITTI;SK_MOVING;20;27,83189153;22,99718082;21,62914941;61,89650288;0,049798305;0,042975181;0,034446887;0,444715263;0,042515954;0,038458344;0,019049772;0,078047423;0,000847112;0,000771505;0,000433008;0,003251214
1;5;1;YES;SEM KITTI;SK_MOVING;NO;28,77336472;21,8069456;23,83535543;67,51210811;0,063580569;0,04237136;0,193334811;2,491443771;0,045752192;0,040141199;0,021759607;0,086200354;0,000837487;0,000778642;0,000413581;0,002757813
2;0;2;YES;NO;NO;NO;28,53292383;29,29506145;15,67500947;63,58446196;0,02999965;0,02621991;0,017702435;0,174280934;0,078192379;0,099320158;0,035386607;0,129346369;0,001143513;0,000923433;0,00095692;0,014814388
2;0;1;NO;NO;NO;NO;29,20667745;27,64286341;18,23059726;62,77201007;0,028552422;0,024971834;0,018180981;0,204650818;0,080215232;0,081161854;0,029376433;0,128896183;0,001324742;0,000908742;0,001337612;0,015165534
2;1;2;YES;PV-RCNN;KITTI;20;26,00760703;27,22687597;13,50435544;55,32781795;0,029993401;0,026453337;0,017382757;0,201920196;0,071069632;0,088980372;0,031979877;0,119384039;0,001137452;0,000916975;0,000947674;0,014743722
2;1;2;YES;SEM KITTI;SK_KITTI;20;28,02638603;29,17698762;15,08631726;58,65355379;0,029939607;0,026295461;0,017545027;0,180063528;0,075501842;0,095281871;0,034678691;0,127749979;0,001124636;0,000910677;0,000938762;0,01499187
2;1;2;YES;3D-MOOD;KITTI;20;28,09333226;29,03384799;15,08793436;60,45075068;0,029984814;0,026167774;0,017695512;0,189962942;0,076392374;0,096118383;0,035412197;0,132144107;0,001132698;0,000925933;0,000940804;0,014781266
2;1;1;YES;3D-MOOD;KITTI;NO;28,1261812;29,53174002;15,03996333;60,15192358;0,02986345;0,026232283;0,017095833;0,151652801;0,078041392;0,100956541;0,037152002;0,133224121;0,001135851;0,000922057;0,000950742;0,014817601
2;1;1;YES;PV-RCNN;KITTI;NO;28,14167063;28,77958317;15,46891426;64,27859918;0,029996813;0,026262542;0,017433938;0,160337434;0,080026532;0,103788481;0,038746733;0,138042355;0,001132371;0,000919925;0,000943369;0,01481959
2;1;1;YES;SEM KITTI;SK_KITTI;NO;28,22319099;29,94222759;15,24420142;59,75593146;0,0298937;0,026348007;0,017410023;0,17760863;0,076764962;0,09927603;0,036702162;0,129359225;0,001137258;0,000919876;0,000950499;0,014694995
2;2;2;NO;PV-RCNN;KITTI;20;28,82835741;27,23397825;17,84642862;61,9496742;0,028683079;0,024814891;0,018052761;0,200214206;0,078633045;0,07977526;0,028571412;0,126952278;0,001319208;0,00091719;0,001332325;0,015687815
2;2;1;NO;SEM KITTI;SK_KITTI;NO;29,05766587;27,37429332;18,13647806;62,48747984;0,028705182;0,024883403;0,01839449;0,205782202;0,079877808;0,080670478;0,029330931;0,128480733;0,001317181;0,000905276;0,001321436;0,01538074
2;2;1;NO;PV-RCNN;KITTI;NO;29,17544285;27,11791348;18,25108826;62,6972401;0,028753364;0,024763199;0,018238874;0,197861872;0,079134277;0,07939462;0,029458155;0,128460645;0,001313898;0,000896572;0,001325606;0,014980501
2;2;2;NO;SEM KITTI;SK_KITTI;20;29,32792972;27,44051075;18,33304302;62,48133724;0,028681696;0,024843947;0,018273385;0,208583048;0,080412559;0,08043636;0,029729485;0,130780253;0,001313954;0,000910617;0,001327088;0,015579384
2;3;2;YES;3D-MOOD;MOOD_COMPLETE;20;27,343083;28,4462754;14,64701629;58,76214243;0,030078213;0,026362381;0,017437807;0,185565276;0,075996216;0,097110119;0,035609638;0,12797252;0,001135403;0,000937263;0,000938491;0,014792222
2;3;1;YES;3D-MOOD;MOOD_COMPLETE;NO;27,51259407;28,50798575;14,90815254;59,3575191;0,029819629;0,026022128;0,017272707;0,176585567;0,077810576;0,09955375;0,036638103;0,131021963;0,001127662;0,000909574;0,000938679;0,014646335
2;3;1;YES;SEM KITTI;SK_COMPLETE;NO;29,41857347;28,29576072;17,1525919;64,65964053;0,033595347;0,026993474;0,038279131;1,199637687;0,071144461;0,08219464;0,02810314;0,126804652;0,001121876;0,000889404;0,001023542;0,01472429
2;3;2;YES;SEM KITTI;SK_COMPLETE;20;32,85392741;35,62341353;18,51175119;67,33835092;0,031104373;0,026246516;0,033690584;1,641134947;0,096731679;0,125047503;0,049060929;0,166309278;0,001143323;0,000911595;0,001104274;0,031701209
2;4;1;NO;SEM KITTI;SK_MOVING;NO;29,04193892;27,27579751;18,2891373;63,25636961;0,028819107;0,024851258;0,018378227;0,211532604;0,079845804;0,080364028;0,029501812;0,128898873;0,001318359;0,000908815;0,001320574;0,015311382
2;4;2;NO;SEM KITTI;SK_MOVING;20;29,2726839;27,50438132;18,53229161;63,04001987;0,02865507;0,024600585;0,018358833;0,208369922;0,081023087;0,081468929;0,03006381;0,13106006;0,001315743;0,000904829;0,001320155;0,014662713
2;5;1;YES;SEM KITTI;SK_MOVING;NO;27,41776917;28,23035071;14,95446739;60,68875787;0,029946451;0,026293589;0,017308009;0,166104577;0,078185632;0,099134365;0,035641107;0,128655301;0,001136543;0,000919806;0,000947896;0,014941113
2;5;2;YES;SEM KITTI;SK_MOVING;20;28,32550247;29,92675548;15,27413888;61,52716021;0,029635734;0,026132275;0,017243488;0,179914729;0,080529852;0,10311451;0,037806835;0,134286727;0,001121579;0,000907483;0,000950793;0,014727553
3;0;2;YES;NO;NO;NO;2,534752778;1,668731361;2,07078402;6,257442784;0,024493152;0,022447968;0,012253955;0,080098335;0,021760202;0,025170524;0,008617413;0,033047584;0,001009464;0,00087868;0,000627703;0,005220493
3;0;1;NO;NO;NO;NO;4,144023539;2,333362016;3,989737072;11,8357506;0,024692123;0,022954902;0,012532446;0,086090812;0,036078528;0,038081774;0,01750629;0,062837891;0,000898452;0,000721374;0,000693355;0,006039334
3;1;1;YES;SEM KITTI;SK_KITTI;NO;2,09337989;1,218956235;1,756468527;5,325207046;0,024773002;0,023136952;0,011747446;0,082142254;0,02155666;0,025240627;0,008638978;0,032926698;0,001026636;0,000879783;0,000641984;0,005154469
3;1;2;YES;3D-MOOD;KITTI;20;2,176537575;1,255756737;1,832938857;5,561138293;0,023949047;0,022428219;0,010745332;0,061406966;0,021829997;0,025047782;0,008779064;0,033394803;0,001002634;0,00087986;0,000630817;0,005333402
3;1;1;YES;3D-MOOD;KITTI;NO;2,33089371;1,471524914;1,927173266;5,868581662;0,023699746;0,022477431;0,011120852;0,064802806;0,021795932;0,025443527;0,008757333;0,032989224;0,000982351;0,000883478;0,000601601;0,005338327
3;1;1;YES;PV-RCNN;KITTI;NO;2,339681673;1,474827655;1,93496017;5,867222153;0,023660762;0,02139314;0,011324134;0,065810828;0,021518194;0,024814794;0,008440475;0,032417263;0,000977957;0,000857754;0,000618353;0,00516666
3;1;2;YES;SEM KITTI;SK_KITTI;20;2,371698865;1,539352596;1,94553634;5,902283768;0,02342728;0,021354628;0,011086524;0,06759784;0,021652017;0,024793165;0,008766445;0,033122274;0,000975473;0,000870349;0,000613525;0,005264062
3;1;2;YES;PV-RCNN;KITTI;20;2,419464987;1,569384282;1,994580066;6,05345554;0,024109775;0,022277551;0,011723734;0,073985147;0,021842873;0,025193158;0,008732163;0,0330747;0,000993831;0,000873959;0,000616405;0,005386477
3;2;1;NO;PV-RCNN;KITTI;NO;4,141146322;2,334650674;3,986795042;11,82436671;0,024565313;0,022675794;0,012428708;0,098501597;0,036034882;0,038087914;0,01743226;0,062682627;0,000901569;0,000735219;0,000675053;0,005771291
3;2;2;NO;PV-RCNN;KITTI;20;4,186552998;2,381099483;4,017371533;11,91850367;0,024473914;0,023034627;0,012446711;0,095810807;0,036173095;0,038238141;0,017541183;0,062903483;0,000897339;0,000709819;0,000694067;0,006570959
3;2;1;NO;SEM KITTI;SK_KITTI;NO;4,198873656;2,385839837;4,02947762;11,94952437;0,024515018;0,022426295;0,012504651;0,099968707;0,036133983;0,038291322;0,017505382;0,062917597;0,000903928;0,000722204;0,000677123;0,006088211
3;2;2;NO;SEM KITTI;SK_KITTI;20;4,380939446;2,559309899;4,163515112;12,34844934;0,024707045;0,022547359;0,01254405;0,084821649;0,036782889;0,038932275;0,017788254;0,063620697;0,000905929;0,000742371;0,000672649;0,006044092
3;3;2;YES;3D-MOOD;MOOD_COMPLETE;20;2,238821666;1,34345977;1,875557221;5,678869799;0,024032811;0,02231852;0,01217241;0,112027932;0,021348828;0,024675044;0,00847741;0,032456066;0,001005395;0,00085339;0,000640063;0,004772921
3;3;1;YES;3D-MOOD;MOOD_COMPLETE;NO;2,378448688;1,513352568;1,969299158;5,954090686;0,02390691;0,022321582;0,011095856;0,073501887;0,021708609;0,025215019;0,00867298;0,032899138;0,000980685;0,000862175;0,000604294;0,005064944
3;3;2;YES;SEM KITTI;SK_COMPLETE;20;2,510276758;1,649510709;2,038631966;6,104826822;0,023990325;0,021689426;0,012086175;0,073134011;0,021250399;0,023742625;0,008113971;0,032253911;0,001006369;0,000851976;0,000633859;0,004971474
3;3;1;YES;SEM KITTI;SK_COMPLETE;NO;2,682264846;1,711404089;2,270941642;6,813609984;0,024430015;0,022446235;0,01311138;0,088511897;0,023306858;0,026539421;0,009354207;0,03568746;0,001028722;0,000891754;0,000682381;0,005537125
3;4;1;NO;SEM KITTI;SK_MOVING;NO;4,134838224;2,324184905;3,984288804;11,81745124;0,024501062;0,022706836;0,012457099;0,079334389;0,036015544;0,038009392;0,017505525;0,062894428;0,000896466;0,000698826;0,000697285;0,006201037
3;4;2;NO;SEM KITTI;SK_MOVING;20;4,149035089;2,347438463;3,988613833;11,83498454;0,024517511;0,022824877;0,012302358;0,101434723;0,035985111;0,037983381;0,01746396;0,062676202;0,000905336;0,00070469;0,000716377;0,006071347
3;5;2;YES;SEM KITTI;SK_MOVING;20;2,516522173;1,691224276;2,046711876;6,193189637;0,023679382;0,021753316;0,011811518;0,065996652;0,021650488;0,024954604;0,008506017;0,032779878;0,000975874;0,000837386;0,000617918;0,005087583
3;5;1;YES;SEM KITTI;SK_MOVING;NO;2,605516092;1,777129369;2,118383871;6,440582302;0,023548536;0,021972983;0,011167261;0,06347769;0,021665593;0,02532262;0,00876281;0,032888816;0,000987134;0,000875741;0,000616702;0,004918375
4;0;2;YES;NO;NO;NO;2,164639475;1,700995759;1,687078083;5,926118759;0,028610903;0,027487711;0,01262173;0,080354806;0,011553908;0,011667434;0,006526456;0,021387279;0,000704401;0,000623265;0,00037218;0,002613186
4;0;1;NO;NO;NO;NO;3,34145911;2,468169363;2,941390867;9,960337576;0,022424953;0,020902691;0,010521092;0,060754551;0,017958601;0,018101327;0,010614891;0,036773312;0,000660259;0,000546381;0,000417903;0,002362607
4;1;1;YES;3D-MOOD;KITTI;NO;2,115662108;1,668054749;1,638000068;5,768061713;0,027359115;0,024664372;0,011575475;0,063830131;0,011030456;0,011251855;0,00602537;0,019645312;0,000703162;0,000653315;0,00036608;0,002610414
4;1;1;YES;PV-RCNN;KITTI;NO;2,131311965;1,708757025;1,637347835;5,741233597;0,028938076;0,026845339;0,012742722;0,072838664;0,010262348;0,010325496;0,005745808;0,018712082;0,000702219;0,000654586;0,000340773;0,002549978
4;1;1;YES;SEM KITTI;SK_KITTI;NO;2,138359021;1,700880864;1,647767272;5,770399511;0,02705875;0,026458415;0,011177621;0,070559913;0,010857975;0,010921843;0,005991172;0,019502369;0,00069672;0,000639019;0,000360508;0,002743826
4;1;2;YES;PV-RCNN;KITTI;20;2,138517925;1,675067314;1,663174708;5,827301215;0,028057891;0,025705451;0,0131731;0,081133022;0,010793294;0,01104096;0,006037965;0,019738814;0,000702359;0,000661581;0,000389956;0,002621483
4;1;2;YES;SEM KITTI;SK_KITTI;20;2,149807618;1,690488228;1,668143478;5,866532572;0,028702214;0,026087267;0,01425585;0,095562422;0,010902991;0,010652839;0,006142955;0,020480715;0,000703711;0,000657008;0,000351713;0,00248238
4;1;2;YES;3D-MOOD;KITTI;20;2,177458267;1,712460795;1,696426121;5,949321338;0,028493234;0,02677958;0,012161528;0,07258359;0,011281418;0,01153834;0,00621588;0,019728007;0,00071653;0,000647673;0,00039939;0,002797162
4;2;2;NO;SEM KITTI;SK_KITTI;20;3,322462815;2,445082045;2,931979663;9,928527394;0,023199257;0,02162762;0,010230705;0,057697043;0,017893567;0,017923783;0,010620283;0,036665133;0,000665692;0,000584853;0,000425024;0,002654348
4;2;1;NO;PV-RCNN;KITTI;NO;3,324097781;2,448281634;2,936189752;9,943347904;0,022454009;0,021272497;0,010214318;0,063966719;0,01793883;0,017923276;0,010635442;0,036902203;0,000652637;0,000558934;0,000406262;0,002392557
4;2;2;NO;PV-RCNN;KITTI;20;3,333470585;2,461566742;2,938848736;9,95055507;0,023051159;0,021930327;0,009630869;0,049040913;0,017936932;0,017985594;0,010640667;0,036906933;0,000660918;0,00057661;0,000410008;0,002504095
4;2;1;NO;SEM KITTI;SK_KITTI;NO;3,342140689;2,457207009;2,955309702;9,998768152;0,023408743;0,02116154;0,011214531;0,072449425;0,018061995;0,018123947;0,010714904;0,037043827;0,000654215;0,000557071;0,000425503;0,002510174
4;3;2;YES;SEM KITTI;SK_COMPLETE;20;2,08845637;1,696918528;1,578898501;5,489247118;0,029004879;0,026861255;0,012647081;0,073979753;0,008408975;0,00895553;0,004087219;0,01405783;0,000694765;0,000625812;0,000352167;0,002555638
4;3;1;YES;3D-MOOD;MOOD_COMPLETE;NO;2,103904879;1,670383423;1,620174402;5,706751289;0,026140616;0,024832228;0,010474434;0,076100677;0,010804491;0,010771359;0,006158236;0,019809476;0,000697305;0,000621991;0,000360416;0,002172115
4;3;1;YES;SEM KITTI;SK_COMPLETE;NO;2,116991104;1,732401175;1,610573316;5,537183302;0,026633724;0,024136798;0,012958174;0,085514373;0,008004668;0,008478864;0,004040039;0,014493086;0,000654378;0,000597761;0,000350937;0,002760572
4;3;2;YES;3D-MOOD;MOOD_COMPLETE;20;2,156430746;1,700028501;1,675560754;5,879918399;0,028584817;0,026299164;0,014620829;0,104951561;0,011147857;0,011283365;0,006177174;0,020299959;0,000660678;0,000566014;0,00037452;0,002617887
4;4;2;NO;SEM KITTI;SK_MOVING;20;3,327460375;2,454756863;2,935270454;9,937146921;0,022489761;0,021312637;0,010692933;0,072690279;0,017930282;0,018037146;0,010625461;0,036835748;0,000685312;0,000577911;0,000420833;0,00250396
4;4;1;NO;SEM KITTI;SK_MOVING;NO;3,364155129;2,477813394;2,964350538;10,03636465;0,02410737;0,021619251;0,012070685;0,074328531;0,018128032;0,018280592;0,010721407;0,037071285;0,000643065;0,000557801;0,000365449;0,002484999
4;5;1;YES;SEM KITTI;SK_MOVING;NO;2,122185225;1,678244931;1,639499412;5,77247801;0,027167627;0,025548801;0,011183222;0,074392423;0,010958344;0,010846804;0,006022404;0,01955468;0,000678894;0,000610189;0,000355502;0,002515755
4;5;2;YES;SEM KITTI;SK_MOVING;20;2,149807618;1,690488228;1,668143478;5,866532572;0,028702214;0,026087267;0,01425585;0,095562422;0,010902991;0,010652839;0,006142955;0,020480715;0,000703711;0,000657008;0,000351713;0,00248238
5;0;1;NO;NO;NO;NO;5,19038004;5,154426807;2,150569653;13,58951398;0,017389246;0,01492696;0,011120259;0,121919928;0,028264185;0,02817811;0,008238579;0,048676436;0,000846053;0,000655866;0,000746558;0,012465422
5;0;2;YES;NO;NO;NO;6,698882072;6,763495904;3,197094737;11,18513837;0,018400082;0,016812446;0,009557784;0,11214507;0,017428032;0,016812518;0,005631032;0,050308175;0,001006721;0,000847404;0,000709405;0,012129186
5;1;1;YES;SEM KITTI;SK_KITTI;NO;6,724501215;6,252283612;3,293140938;13,15337262;0,018411025;0,016803779;0,009442903;0,108126142;0,018427494;0,017935201;0,005622861;0,049687427;0,001005943;0,000833391;0,000710288;0,012378425
5;1;2;YES;3D-MOOD;KITTI;20;6,758518707;6,410432565;3,354441849;11,9438463;0,018493276;0,017014968;0,009524455;0,111375222;0,01860838;0,018246472;0,006578687;0,052804264;0,001019573;0,000859966;0,000714922;0,012560502
5;1;1;YES;PV-RCNN;KITTI;NO;7,007530487;6,870742486;3,475779428;12,5572082;0,018667438;0,016995587;0,009587118;0,122726276;0,016058768;0,015471022;0,005561782;0,046143702;0,001012947;0,000854748;0,000700474;0,012471184
5;1;1;YES;3D-MOOD;KITTI;NO;7,377122553;6,647202091;3,778595135;13,54522397;0,01848239;0,016777936;0,009539533;0,117301103;0,015706069;0,015663371;0,004429941;0,046792009;0,001020509;0,000860361;0,000718431;0,012605807
5;1;2;YES;PV-RCNN;KITTI;20;7,46944642;6,639728976;3,898003517;12,95182553;0,018561706;0,017175258;0,00947431;0,107844744;0,015839684;0,014844536;0,005570006;0,049817506;0,001035167;0,000875128;0,000717262;0,012310323
5;1;2;YES;SEM KITTI;SK_KITTI;20;7,618037155;7,345706779;3,769554648;13,97682505;0,018603931;0,017044257;0,009672586;0,114831501;0,015296512;0,014870413;0,004501045;0,044237508;0,001014345;0,000856893;0,000711639;0,0128987
5;2;1;NO;SEM KITTI;SK_KITTI;NO;5,292972717;5,211909982;2,135333771;13,03995734;0,01752942;0,015196867;0,011255874;0,120835074;0,027707543;0,027934529;0,00806134;0,04874068;0,000863621;0,00067021;0,000761715;0,012782766
5;2;2;NO;PV-RCNN;KITTI;20;5,295764887;5,204358855;2,084056114;12,65441404;0,017605648;0,015136108;0,011335263;0,118473815;0,026692774;0,026816674;0,007878087;0,048493016;0,00085416;0,000665569;0,000754102;0,012819998
5;2;1;NO;PV-RCNN;KITTI;NO;5,300656734;5,233539194;2,100581921;12,88754561;0,017694395;0,015340634;0,011243594;0,11949075;0,027121163;0,027160661;0,007958805;0,048401972;0,000851098;0,000656075;0,000760019;0,013164818
5;2;2;NO;SEM KITTI;SK_KITTI;20;5,408437989;5,319937796;2,193283143;13,63219228;0,017393429;0,015224324;0,011108782;0,120152542;0,027932612;0,027980483;0,008088134;0,048791123;0,000856747;0,000669205;0,00075694;0,012593059
5;3;1;YES;SEM KITTI;SK_COMPLETE;NO;5,187594495;4,897466424;2,403589762;13,74179675;0,017763667;0,015949095;0,009621162;0,128471928;0,021678363;0,021205004;0,007012234;0,043853336;0,00098044;0,00080716;0,000707551;0,01276217
5;3;2;YES;3D-MOOD;MOOD_COMPLETE;20;6,655989229;6,437688798;3,364990295;12,06223709;0,018644321;0,017052902;0,009578173;0,113869734;0,017814644;0,018341769;0,006013822;0,052318521;0,001021545;0,000860377;0,00071051;0,01235086
5;3;2;YES;SEM KITTI;SK_COMPLETE;20;6,726558611;7,426435592;2,819140991;14,50352183;0,01833965;0,016829203;0,00973651;0,112167159;0,01892779;0,019928124;0,006136305;0,044415473;0,001002643;0,000856752;0,000705665;0,013049486
5;3;1;YES;3D-MOOD;MOOD_COMPLETE;NO;7,048091883;6,585763915;3,814641732;13,48696506;0,018556447;0,016994265;0,009581799;0,114396744;0,020788075;0,019531261;0,007370016;0,05439378;0,001026014;0,000856047;0,000713558;0,012936891
5;4;2;NO;SEM KITTI;SK_MOVING;20;5,319903326;5,229421583;2,128266943;13,14241049;0,017516677;0,01501372;0,011292963;0,126578782;0,027354341;0,027447654;0,007944241;0,04859307;0,000859003;0,000679414;0,000758765;0,012336495
5;4;1;NO;SEM KITTI;SK_MOVING;NO;5,455617425;5,35135351;2,194292329;13,40456663;0,017288757;0,01498743;0,011084504;0,115680952;0,028236345;0,028235761;0,008010827;0,049173681;0,000851694;0,000653482;0,000754263;0,012559169
5;5;1;YES;SEM KITTI;SK_MOVING;NO;7,204574683;6,521894871;3,724350094;12,69466467;0,018426996;0,017047864;0,009675431;0,120394768;0,01713902;0,01587894;0,005555338;0,050465451;0,001029584;0,000868226;0,00072522;0,012041552
5;5;2;YES;SEM KITTI;SK_MOVING;20;7,223221968;6,367657914;3,968564708;13,48616382;0,018364939;0,016903392;0,009557918;0,117492481;0,018977706;0,017362028;0,007184849;0,055085178;0,001014211;0,000838983;0,000717937;0,012492251
6;0;2;YES;NO;NO;NO;2,795408579;2,593044853;1,600591132;6,244000002;0,020927169;0,019237662;0,009827741;0,102236564;0,027861361;0,026482211;0,007584789;0,045358841;0,000637551;0,00055348;0,000381349;0,002806614
6;0;1;NO;NO;NO;NO;3,197851434;2,358925206;2,274469484;8,187636888;0,019358427;0,016596568;0,013455088;0,135839727;0,030883159;0,030450931;0,009673037;0,053162704;0,000545717;0,000469214;0,000360951;0,003040463
6;1;1;YES;PV-RCNN;KITTI;NO;2,720472909;2,531706335;1,540429925;5,977412661;0,021568325;0,019594516;0,010455179;0,122524776;0,027257544;0,025220156;0,007625351;0,044739446;0,000660732;0,000576906;0,000405484;0,00336551
6;1;2;YES;PV-RCNN;KITTI;20;2,728211367;2,480769397;1,627449197;6,34409608;0,021395123;0,019412767;0,010267821;0,099976914;0,026898932;0,025421307;0,007430484;0,044138247;0,000646087;0,000569647;0,000384867;0,003045178
6;1;1;YES;SEM KITTI;SK_KITTI;NO;2,755391901;2,564513975;1,558617064;6,117649593;0,021537372;0,019733848;0,00967925;0,100122756;0,027393766;0,02573654;0,007358385;0,044141033;0,000653089;0,000575275;0,000389919;0,002937702
6;1;2;YES;3D-MOOD;KITTI;20;2,773109246;2,557671668;1,630749026;6,465712812;0,021302152;0,019064449;0,01020407;0,089029805;0,028112321;0,027344807;0,007513035;0,044688771;0,00065613;0,000558647;0,000413955;0,003336052
6;1;2;YES;SEM KITTI;SK_KITTI;20;2,789690237;2,592776635;1,573179342;6,169141408;0,021757215;0,019709195;0,0102492;0,092458258;0,02726568;0,025546026;0,007360583;0,043721476;0,000657353;0,000577472;0,000393053;0,003039189
6;1;1;YES;3D-MOOD;KITTI;NO;2,942095738;2,788756917;1,618031607;6,492148789;0,021606397;0,01959832;0,009935162;0,09348623;0,029010105;0,028024864;0,00737228;0,04542151;0,000653316;0,000557466;0,000396945;0,003472563
6;2;1;NO;SEM KITTI;SK_KITTI;NO;3,170037674;2,314655934;2,268531555;8,148785745;0,019238886;0,01653512;0,013354446;0,127873774;0,030569941;0,030063834;0,009641978;0,052754264;0,000549005;0,00045295;0,000373991;0,003445415
6;2;2;NO;SEM KITTI;SK_KITTI;20;3,191273903;2,365682586;2,262002131;8,163111715;0,019219764;0,016599691;0,013062598;0,128365195;0,030858016;0,030467488;0,009618689;0,053191898;0,000555226;0,000457882;0,00037326;0,003152165
6;2;2;NO;PV-RCNN;KITTI;20;3,205322629;2,37933683;2,274760575;8,209336504;0,01914235;0,016495929;0,012997235;0,132506892;0,030978983;0,030607513;0,0096835;0,053344676;0,000547963;0,000458468;0,000366574;0,003148781
6;2;1;NO;PV-RCNN;KITTI;NO;3,206104682;2,370434073;2,288263207;8,209510694;0,018785414;0,016295012;0,013038964;0,129669687;0,0307672;0,030366027;0,009634756;0,053152064;0,000550269;0,000456512;0,000374114;0,003307908
6;3;2;YES;SEM KITTI;SK_COMPLETE;20;2,739354406;2,509907985;1,596434612;6,280655206;0,021557119;0,019653352;0,010578718;0,115284762;0,027662405;0,025970758;0,007519976;0,044447109;0,000659699;0,000579414;0,000408689;0,003661701
6;3;2;YES;3D-MOOD;MOOD_COMPLETE;20;2,788904937;2,598467041;1,551490982;6,013549315;0,021261874;0,019894614;0,009735573;0,097191519;0,027212157;0,025502377;0,007405943;0,044144324;0,000656501;0,000578288;0,000396994;0,002812257
6;3;1;YES;3D-MOOD;MOOD_COMPLETE;NO;2,815545793;2,636002636;1,560979411;6,170176931;0,022062704;0,020003621;0,010242435;0,094543861;0,027664951;0,026165273;0,007370695;0,044543065;0,000669244;0,00056708;0,000420375;0,00375518
6;3;1;YES;SEM KITTI;SK_COMPLETE;NO;2,919967194;2,787250447;1,52992826;5,894881944;0,022033933;0,019419055;0,011279159;0,103753022;0,029169343;0,028030767;0,007696969;0,046462833;0,000640617;0,000555018;0,000392165;0,0032555
6;4;1;NO;SEM KITTI;SK_MOVING;NO;3,213200476;2,40154589;2,265367703;8,158520246;0,018926056;0,016069331;0,0132506;0,122891934;0,031136015;0,030804777;0,009640527;0,053381538;0,00054333;0,000448568;0,000370607;0,003252209
6;4;2;NO;SEM KITTI;SK_MOVING;20;3,220519334;2,425769908;2,265381878;8,203172368;0,019158318;0,016315207;0,013234118;0,125668542;0,031027439;0,030644525;0,009585414;0,053083464;0,000548036;0,000458491;0,000370203;0,003358226
6;5;1;YES;SEM KITTI;SK_MOVING;NO;2,74325549;2,519178388;1,592995934;6,128667285;0,021761921;0,0197654;0,010221024;0,098319501;0,027293041;0,025711264;0,007448748;0,044781223;0,000661573;0,000567035;0,000399717;0,002947
6;5;2;YES;SEM KITTI;SK_MOVING;20;2,793947728;2,592846222;1,59805309;6,222930268;0,02104003;0,019276533;0,009931804;0,102236564;0,027771348;0,026422696;0,007589992;0,045358841;0,000637955;0,000551129;0,000380432;0,002806614
7;0;1;NO;NO;NO;NO;0,894560436;0,87540912;0,403103547;1,794504789;0,018759293;0,015221317;0,013010616;0,084027234;0,014145892;0,013289638;0,004360135;0,026354019;0,000909242;0,000694427;0,000803994;0,009029629
7;0;2;YES;NO;NO;NO;2,509881436;2,728494246;1,659773728;4,802785214;0,018949647;0,017086008;0,011923968;0,208966588;0,020343387;0,022262242;0,007475287;0,034668712;0,000983665;0,000814596;0,00069803;0,007343684
7;1;2;YES;SEM KITTI;SK_KITTI;20;2,496265495;2,117867827;1,793369417;5,58942835;0,019173487;0,017297735;0,01185611;0,181538493;0,021436919;0,021165402;0,006743795;0,034937022;0,001039831;0,000851709;0,000772737;0,006725842
7;1;1;YES;SEM KITTI;SK_KITTI;NO;2,525776207;2,739782701;1,639353474;4,94326822;0,018684072;0,016828362;0,00999677;0,088657151;0,020695349;0,02136741;0,007345806;0,033050633;0,000939737;0,000777661;0,000651946;0,004417737
7;1;2;YES;3D-MOOD;KITTI;20;2,824983726;2,722722286;1,990849623;5,98634249;0,0191967;0,01764572;0,009939967;0,070885962;0,022677695;0,024000632;0,008145081;0,035306678;0,000992552;0,000824093;0,000676077;0,004614875
7;1;1;YES;3D-MOOD;KITTI;NO;2,82963762;2,622932915;1,903642309;6,017560276;0,019225025;0,017665896;0,010444204;0,122543932;0,024127401;0,025223887;0,008155533;0,036227027;0,001033384;0,000867626;0,000682237;0,005428633
7;1;1;YES;PV-RCNN;KITTI;NO;3,014951539;2,855348555;1,933719743;6,286359732;0,01888132;0,017234968;0,009498232;0,068306204;0,027663427;0,028777731;0,009268869;0,042409716;0,001006582;0,000813036;0,000711321;0,005508454
7;1;2;YES;PV-RCNN;KITTI;20;3,097954487;2,79054007;2,13144747;6,623047026;0,019255936;0,017110597;0,01258585;0,194650573;0,025291072;0,027353294;0,008426687;0,041540679;0,00099924;0,000804397;0,000722328;0,007284438
7;2;1;NO;SEM KITTI;SK_KITTI;NO;0,909907768;0,921147877;0,419609352;1,84961184;0,018574676;0,01471277;0,013320986;0,086193148;0,015266162;0,014625702;0,004588685;0,028116433;0,000881314;0,000658439;0,000797379;0,008241989
7;2;1;NO;PV-RCNN;KITTI;NO;0,945950116;0,973315815;0,427145837;1,890509503;0,019078468;0,015702886;0,013367928;0,084578574;0,015688844;0,015087611;0,004618084;0,028467155;0,000913846;0,000698698;0,000823641;0,009060139
7;2;2;NO;PV-RCNN;KITTI;20;0,95094629;0,996837228;0,429064228;1,895476231;0,018735244;0,015354625;0,013030004;0,081361079;0,01599985;0,015345649;0,004860252;0,02903914;0,000900247;0,000673808;0,000800864;0,008338783
7;2;2;NO;SEM KITTI;SK_KITTI;20;1,0081964;1,079864774;0,446600189;1,981046828;0,018980156;0,015317925;0,013597848;0,089799463;0,016743723;0,016244245;0,004884862;0,029714275;0,000890615;0,000662567;0,000801718;0,007768386
7;3;1;YES;SEM KITTI;SK_COMPLETE;NO;2,777903126;3,203269223;1,820628246;5,180224343;0,019119674;0,016108275;0,013593768;0,166861341;0,02108056;0,023211587;0,007296872;0,03079888;0,000954472;0,000762156;0,000744602;0,009647144
7;3;2;YES;3D-MOOD;MOOD_COMPLETE;20;2,975409471;2,871147273;1,999165555;6,079906805;0,019205593;0,017386335;0,009906966;0,081341946;0,024331151;0,026649719;0,008474786;0,037065836;0,000979294;0,000805046;0,000673701;0,005425393
7;3;1;YES;3D-MOOD;MOOD_COMPLETE;NO;3,191707397;2,916227285;2,187264996;6,777893633;0,019324778;0,01752081;0,00965691;0,07736463;0,026373914;0,028966547;0,009327135;0,040128782;0,001036609;0,00082844;0,000755073;0,006217528
7;3;2;YES;SEM KITTI;SK_COMPLETE;20;3,713789042;3,796124041;2,583425271;7,517318353;0,019114646;0,017059653;0,011151;0,123634512;0,02657895;0,028702581;0,00931396;0,039859241;0,00099965;0,000805657;0,000708556;0,005584448
7;4;1;NO;SEM KITTI;SK_MOVING;NO;0,866449001;0,815497786;0,417392468;1,799462975;0,018598628;0,015230978;0,013354284;0,083476496;0,013601707;0,013039852;0,004286104;0,026369837;0,000900744;0,000696568;0,000802029;0,008718352
7;4;2;NO;SEM KITTI;SK_MOVING;20;0,921584035;0,912872496;0,437631352;1,910787737;0,018663313;0,015047574;0,013005648;0,086310482;0,015399968;0,014824781;0,004698225;0,02855714;0,000901089;0,000692314;0,000820148;0,009501832
7;5;1;YES;SEM KITTI;SK_MOVING;NO;2,533071033;2,505672852;1,686025803;5,077573346;0,018662932;0,0174352;0,009497056;0,072742026;0,021651026;0,023271253;0,00748237;0,032653906;0,000955118;0,000797311;0,000658709;0,005666136
7;5;2;YES;SEM KITTI;SK_MOVING;20;2,758325262;2,570542234;1,925900874;5,879406717;0,018634513;0,017402407;0,009579561;0,08879277;0,023946805;0,026602763;0,008813647;0,036843913;0,00098872;0,000817282;0,00069647;0,00540612
8;0;2;YES;NO;NO;NO;20,90037017;19,3477214;5,777135775;35,34154814;0,029999459;0,023050586;0,029981397;0,247572312;0,035949859;0,036130167;0,008784805;0,058636311;0,001052945;0,000882602;0,00070347;0,009166762
8;0;1;NO;NO;NO;NO;22,26332254;20,34666097;8,446888458;45,86166832;0,02991031;0,022605936;0,030155976;0,253753745;0,057918559;0,056327183;0,019265778;0,09877751;0,000953742;0,000724285;0,000762745;0,007634988
8;1;2;YES;3D-MOOD;KITTI;20;20,55631014;19,62837297;5,771399453;39,22048088;0,030248445;0,023534224;0,029840028;0,247179719;0,035383599;0,034701635;0,012344317;0,072278521;0,001075117;0,000892947;0,000725992;0,006077401
8;1;2;YES;SEM KITTI;SK_KITTI;20;20,87226049;19,77745417;5,90627644;37,94842879;0,030449162;0,023596932;0,029931946;0,250274958;0,039840524;0,039769579;0,011289699;0,070412254;0,001082744;0,000904295;0,00071762;0,0068055
8;1;1;YES;3D-MOOD;KITTI;NO;20,89906895;19,77112303;5,889522607;36,68086834;0,030171637;0,02338642;0,02995387;0,242492153;0,035642384;0,036717305;0,008885832;0,055032435;0,001074359;0,000898681;0,000730119;0,006541338
8;1;1;YES;PV-RCNN;KITTI;NO;20,90638514;19,12225405;5,961652463;34,77897264;0,030385116;0,023537193;0,029947608;0,252711133;0,03906278;0,039865276;0,00964931;0,061820819;0,001078951;0,000887006;0,000741923;0,007069454
8;1;1;YES;SEM KITTI;SK_KITTI;NO;21,47938616;19,86983992;6,261594109;36,75438896;0,030322429;0,02358573;0,029865498;0,243409568;0,038803755;0,039251236;0,009942969;0,06426254;0,001075318;0,000884427;0,000735281;0,005946872
8;1;2;YES;PV-RCNN;KITTI;20;21,56462265;19,85736515;5,791766387;33,52349641;0,030349906;0,023692823;0,029878671;0,243761731;0,037124925;0,036481177;0,009023605;0,058038474;0,001062062;0,000890376;0,000703092;0,00645577
8;2;2;NO;SEM KITTI;SK_KITTI;20;21,56366142;19,83202273;7,829578591;43,68311403;0,029677803;0,022345646;0,030296293;0,250021195;0,05616399;0,054013111;0,018381011;0,096140059;0,000949031;0,000722851;0,000750466;0,007120328
8;2;1;NO;SEM KITTI;SK_KITTI;NO;21,87355023;20,18077246;8,142600826;44,92025317;0,030069212;0,022825349;0,030230211;0,253790766;0,058203075;0,055560592;0,019436297;0,099215097;0,000955129;0,000724037;0,000765471;0,00713767
8;2;2;NO;PV-RCNN;KITTI;20;21,90817351;19,96603427;8,13083768;44,79133656;0,03002234;0,022771757;0,030199252;0,250282986;0,056939211;0,054654899;0,018960461;0,098076722;0,000958594;0,000722573;0,000769897;0,006923538
8;2;1;NO;PV-RCNN;KITTI;NO;21,98893226;20,06261841;8,241196906;45,21455209;0,030007702;0,02269706;0,030229664;0,251301923;0,057485136;0,055395895;0,019252942;0,098746551;0,000960046;0,00073178;0,00077909;0,007081212
8;3;1;YES;3D-MOOD;MOOD_COMPLETE;NO;21,19976569;19,84234853;6,359938436;38,94905946;0,030348112;0,023643449;0,029842012;0,243119171;0,036469435;0,036883998;0,010444078;0,061321189;0,001087217;0,000903213;0,000737301;0,005789467
8;3;2;YES;3D-MOOD;MOOD_COMPLETE;20;21,4247166;19,64681958;6,277507486;37,66662222;0,030375298;0,023727011;0,029831469;0,248754971;0,036524233;0,03601402;0,009481299;0,060778151;0,001064824;0,000886664;0,00071099;0,005884056
8;3;2;YES;SEM KITTI;SK_COMPLETE;20;22,51226624;20,57174607;7,126204339;37,5326482;0,030734996;0,023859947;0,029938833;0,249337964;0,04067979;0,040717455;0,009097719;0,058722709;0,001055138;0,000876843;0,000710284;0,006420094
8;3;1;YES;SEM KITTI;SK_COMPLETE;NO;22,54215005;20,955915;7,305418412;38,27960036;0,031126677;0,023853922;0,030552648;0,245760864;0,044065976;0,043520699;0,010834101;0,062434396;0,001022239;0,000851974;0,000698213;0,006798524
8;4;1;NO;SEM KITTI;SK_MOVING;NO;22,1403918;20,08020097;8,346755684;45,53230806;0,029873504;0,022655409;0,030231689;0,248286425;0,056751192;0,054278811;0,019230071;0,098520129;0,000962275;0,000728929;0,000769575;0,007432529
8;4;2;NO;SEM KITTI;SK_MOVING;20;22,21920228;20,38377301;8,35671283;45,5514411;0,029866009;0,022552305;0,030181996;0,247643977;0,058158053;0,056272007;0,019341986;0,098252332;0,00096052;0,000732635;0,000766271;0,006815816
8;5;1;YES;SEM KITTI;SK_MOVING;NO;21,42529051;19,70322453;6,25627791;36,6792688;0,03024945;0,023424497;0,029955875;0,249888703;0,037286221;0,037902429;0,00897028;0,060158666;0,00107283;0,000887478;0,000712583;0,005769967
8;5;2;YES;SEM KITTI;SK_MOVING;20;21,84325106;20,32013709;6,711046677;39,1662858;0,030010758;0,023317994;0,029826007;0,245159992;0,037626432;0,039009083;0,009991305;0,060284087;0,001064227;0,000889203;0,000704854;0,008052869
9;0;2;YES;NO;NO;NO;7,55943811;7,038002321;4,263859816;14,7949135;0,023795894;0,021692463;0,011384581;0,076390219;0,025902399;0,024862943;0,01278682;0,044164382;0,001004005;0,000889633;0,000566191;0,004669008
9;0;1;NO;NO;NO;NO;8,241026553;6,371410359;6,399154768;20,20493856;0,022466938;0,020152795;0,011696414;0,077735183;0,038497416;0,033588474;0,021331711;0,077270307;0,000920028;0,000763314;0,000613276;0,005063161
9;1;1;YES;PV-RCNN;KITTI;NO;7,253823194;6,780263411;4,486255227;14,95348225;0,02419929;0,021893099;0,011951805;0,098495358;0,025784442;0,025305644;0,0124414;0,043328755;0,000994288;0,000874053;0,000559999;0,004583514
9;1;2;YES;PV-RCNN;KITTI;20;7,335826856;7,145584026;4,088559104;14,1478588;0,024049584;0,021989866;0,011853395;0,100392604;0,023988031;0,022743997;0,012119456;0,041832091;0,000988;0,000883934;0,000546154;0,004103183
9;1;2;YES;3D-MOOD;KITTI;20;7,48508132;6,82798951;4,57110024;15,4781763;0,023748165;0,021362401;0,011716328;0,088203318;0,027608924;0,025517799;0,013994879;0,046020987;0,000990878;0,000885005;0,000544335;0,004562262
9;1;1;YES;SEM KITTI;SK_KITTI;NO;7,634446698;7,030513778;4,43087181;15,21521831;0,024043562;0,021440794;0,012160135;0,083268196;0,026590822;0,025582612;0,013015718;0,044752158;0,000985569;0,000879163;0,000534409;0,003933975
9;1;1;YES;3D-MOOD;KITTI;NO;7,678230487;6,998820289;4,482932389;15,3165094;0,024274556;0,021738015;0,012423552;0,096153192;0,027074783;0,026340005;0,012828038;0,044876214;0,001008961;0,000893049;0,000561156;0,004400705
9;1;2;YES;SEM KITTI;SK_KITTI;20;7,932428262;7,864373607;4,329598652;15,22757482;0,024063288;0,022152417;0,011783179;0,085048568;0,026654048;0,025753644;0,013111134;0,046467741;0,001008413;0,000908328;0,00054702;0,004291
9;2;2;NO;SEM KITTI;SK_KITTI;20;8,429677849;6,533239705;6,557431127;20,65198153;0,022656065;0,020579447;0,011756639;0,081037872;0,039003265;0,034070462;0,021590152;0,078175912;0,000907701;0,000753728;0,000618611;0,005350421
9;2;2;NO;PV-RCNN;KITTI;20;8,449696883;6,44122853;6,440547081;20,51118809;0,022621439;0,020247584;0,012013034;0,084070647;0,039134456;0,034003488;0,02140399;0,077714301;0,000917305;0,000761162;0,000618429;0,005237686
9;2;1;NO;PV-RCNN;KITTI;NO;8,553150819;6,601166394;6,669877885;21,03142246;0,022792103;0,020786194;0,011749977;0,083568328;0,039443816;0,034500871;0,022025901;0,079072905;0,000907553;0,000751872;0,000596843;0,004742501
9;2;1;NO;SEM KITTI;SK_KITTI;NO;8,652659976;6,682602198;6,659418034;20,98191866;0,022820301;0,020230344;0,012001009;0,085071601;0,039565965;0,034736793;0,021644389;0,078470134;0,000896997;0,000756841;0,000607709;0,005068501
9;3;2;YES;SEM KITTI;SK_COMPLETE;20;7,033511719;6,700783046;3,841288204;13,50304207;0,024376789;0,021869647;0,012461739;0,113336961;0,024014827;0,02239559;0,012240032;0,042414208;0,000993457;0,000873074;0,000565869;0,004917374
9;3;1;YES;SEM KITTI;SK_COMPLETE;NO;7,532411693;6,793132338;4,972757893;15,96965384;0,027676049;0,021708231;0,056748099;1,58892786;0,03036407;0,029814235;0,013493777;0,048485839;0,000993164;0,000867621;0,000697031;0,013354862
9;3;1;YES;3D-MOOD;MOOD_COMPLETE;NO;7,79019417;7,135727638;4,646821342;15,86350894;0,024016397;0,021649365;0,011944414;0,083807473;0,028232758;0,026655886;0,013669784;0,047359523;0,000985504;0,000879757;0,000556602;0,004572427
9;3;2;YES;3D-MOOD;MOOD_COMPLETE;20;8,151136452;8,116771956;4,61381711;16,1207848;0,024286307;0,022216544;0,012275148;0,124007416;0,029062702;0,027310762;0,014302558;0,048974592;0,001002066;0,000880764;0,000553867;0,004480792
9;4;2;NO;SEM KITTI;SK_MOVING;20;8,258282088;6,371454642;6,349463947;20,14207271;0,0229861;0,020529703;0,011974099;0,088222685;0,038359193;0,033449734;0,021286606;0,077367155;0,000910311;0,000766575;0,000601054;0,005207176
9;4;1;NO;SEM KITTI;SK_MOVING;NO;8,374296059;6,493501174;6,447974717;20,37123822;0,022896095;0,020603443;0,011929216;0,087070576;0,038597278;0,033783971;0,021296901;0,07723112;0,000914393;0,000762329;0,000612267;0,004980076
9;5;1;YES;SEM KITTI;SK_MOVING;NO;7,309890429;6,680377052;4,384949607;14,95003659;0,023851383;0,021353984;0,011729499;0,083183159;0,026688305;0,025540704;0,013150601;0,044670212;0,001004259;0,000911143;0,000552913;0,00423119
9;5;2;YES;SEM KITTI;SK_MOVING;20;7,438481862;7,06708163;4,272715986;14,60166095;0,024055614;0,021341649;0,012006046;0,081021234;0,024448961;0,02399868;0,011768333;0,041234796;0,000996454;0,000886762;0,000553496;0,005146581
10;0;2;YES;NO;NO;NO;4,628382194;4,433908031;2,390922978;8,258283042;0,022743253;0,019648912;0,015699538;0,146015828;0,027249221;0,025573532;0,009768636;0,046931925;0,001359822;0,001125011;0,000917036;0,00761294
10;0;1;NO;NO;NO;NO;12,44396291;13,18522947;8,579992208;27,3592294;0,021590598;0,018149902;0,015826504;0,180234192;0,045086044;0,044433598;0,023567771;0,084014329;0,00123187;0,00094132;0,001053619;0,009711121
10;1;2;YES;3D-MOOD;KITTI;20;4,873499756;4,512841996;2,679368575;8,916730792;0,022644806;0,019509455;0,015590085;0,146015828;0,029715963;0,027394332;0,010843921;0,049656238;0,001310157;0,001079219;0,000900877;0,007263799
10;1;1;YES;SEM KITTI;SK_KITTI;NO;5,121528474;5,259791464;2,65001538;9,150521729;0,022863363;0,019098603;0,016088749;0,148654181;0,022684982;0,019777633;0,008008023;0,040291776;0,001327459;0,001080883;0,000960047;0,011220863
10;1;1;YES;3D-MOOD;KITTI;NO;5,141329706;5,283822519;2,633582666;9,178216222;0,022840676;0,019394419;0,016355535;0,146015828;0,024301559;0,02088873;0,009790051;0,043287607;0,001355945;0,001122365;0,000925739;0,007376143
10;1;1;YES;PV-RCNN;KITTI;NO;5,184060993;4,946528924;2,882757091;9,858428413;0,023055668;0,019541318;0,015780263;0,141633972;0,023325679;0,019634606;0,009450419;0,04219951;0,001318214;0,001088768;0,000923238;0,008862679
10;1;2;YES;SEM KITTI;SK_KITTI;20;5,206552912;5,664044321;2,630111565;9,377721356;0,022494954;0,019180251;0,015604535;0,130408044;0,020401772;0,017594402;0,008795685;0,036902947;0,001304682;0,0010747;0,000913482;0,011220863
10;1;2;YES;PV-RCNN;KITTI;20;5,507373576;5,867123159;2,857110646;9,945035323;0,022866701;0,019341004;0,016315275;0,148545802;0,020284727;0,017693129;0,008371014;0,037135238;0,001359604;0,001104614;0,000978646;0,008633138
10;2;2;NO;SEM KITTI;SK_KITTI;20;12,26638082;12,94805129;8,467167765;27,08325352;0,021208067;0,018465981;0,01548801;0,180234192;0,04464933;0,044013089;0,023416433;0,083924882;0,001228641;0,000913256;0,001092074;0,011252163
10;2;1;NO;PV-RCNN;KITTI;NO;12,53516697;13,13724271;8,696198792;27,66117354;0,021485791;0,018092918;0,015889684;0,180234192;0,045397281;0,044844943;0,023861878;0,085245543;0,001239341;0,000947106;0,001075096;0,009606628
10;2;2;NO;PV-RCNN;KITTI;20;12,57121959;13,32530214;8,68550745;27,70574975;0,021704623;0,018154668;0,015845627;0,180234192;0,0456036;0,045115323;0,02371811;0,085263558;0,001195845;0,000902558;0,001045;0,009969138
10;2;1;NO;SEM KITTI;SK_KITTI;NO;12,65466642;13,38915419;8,787744554;27,92263952;0,021432679;0,017720607;0,01598695;0,175385387;0,04572908;0,045235362;0,023800871;0,085437337;0,001222652;0,000953585;0,001050674;0,009789318
10;3;1;YES;SEM KITTI;SK_COMPLETE;NO;2,421680514;2,128648142;0,949993845;3,944942475;0,022370473;0,018179449;0,01685955;0,127884601;0,020688725;0,020648486;0,009496934;0,037980332;0,001268317;0,001024291;0,000896143;0,00717911
10;3;2;YES;SEM KITTI;SK_COMPLETE;20;3,265277055;2,73713584;1,529305125;5,666365731;0,022114364;0,018448996;0,015726135;0,126180113;0,022614752;0,019500167;0,010566517;0,043768161;0,001289564;0,001063396;0,000925374;0,008102383
10;3;2;YES;3D-MOOD;MOOD_COMPLETE;20;4,624089213;4,215795257;2,4291437;8,156160509;0,022786776;0,019539332;0,01567058;0,146015828;0,028624671;0,026858796;0,010232779;0,049276032;0,00135747;0,001105168;0,000947771;0,007743293
10;3;1;YES;3D-MOOD;MOOD_COMPLETE;NO;4,669608818;3,772131572;2,684028059;8,907450837;0,023346485;0,019576164;0,016337834;0,154180416;0,035480952;0,033594898;0,013716789;0,05851163;0,001386578;0,001143624;0,000988278;0,008236628
10;4;2;NO;SEM KITTI;SK_MOVING;20;12,5173714;13,14144344;8,676260528;27,59477789;0,021443748;0,018553482;0,015257503;0,180234192;0,045226958;0,044547575;0,023628811;0,085078124;0,001228753;0,000944347;0,00104191;0,008992756
10;4;1;NO;SEM KITTI;SK_MOVING;NO;12,64895545;13,23249918;8,831850156;28,01903371;0,021659716;0,018290061;0,015617264;0,175385387;0,046394119;0,045799711;0,024716169;0,086259078;0,001223093;0,000957804;0,00103311;0,009506551
10;5;1;YES;SEM KITTI;SK_MOVING;NO;5,111456249;5,360238023;2,613233832;9,216800692;0,022785205;0,019320276;0,015748987;0,14190588;0,023405191;0,019028106;0,01075573;0,042972601;0,001303202;0,001095171;0,000919597;0,011490264
10;5;2;YES;SEM KITTI;SK_MOVING;20;5,118527852;5,360238023;2,620745325;9,221378883;0,023059235;0,019286506;0,016307899;0,153745505;0,023531647;0,019057001;0,010910339;0,044289693;0,001306975;0,001087165;0,000916327;0,011490264
;;;;;;;;;;;;;;;;;;;;;;
;;;;;;;;;;;;;;;;;;;;;;
;;;;;;;;;;;;;;;;;;;;;;
;;;;;;;;;;;;;;;;;;;;;;
;;;;;;;;;;;;;;;;;;;;;;
;;;;;;;;;;;;;;;;;;;;;;
;;;;;;;;;;;;;;;;;;;;;;
;;;;;;;;;;;;;;;;;;;;;;
;;;;;;;;;;;;;;;;;;;;;;
;;;;;;;;;;;;;;;;;;;;;;
